{
  "dev_eer_seen": 0.15698235077752223,
  "trainable_params": 628226,
  "epochs_ran": 7,
  "subset": false,
  "eval_eer_unseen": 0.8018265577225991,
  "eval_auc": 0.9996464621601892,
  "eval_acc": 97.25142833078316,
  "eval_min_tdcf": 0.024064980020515738,
  "per_attack_eer": {
    "A07": 0.22749275298561497,
    "A08": 0.2614389664015769,
    "A09": 0.040744309948932654,
    "A10": 1.2461005017089313,
    "A11": 0.6349358524749416,
    "A12": 0.14600413308774968,
    "A13": 0.040744309948932654,
    "A14": 0.12223292984679798,
    "A15": 0.30898137288348027,
    "A16": 0.2614389664015769,
    "A17": 0.3429275862994422,
    "A18": 2.0779598073955654,
    "A19": 0.34972568283241295
  },
  "generalization_gap": 0.6448442069450769
}