{
  "dev_eer_seen": 3.4889328340427834,
  "trainable_params": 1538,
  "epochs_ran": 10,
  "subset": false,
  "eval_eer_unseen": 7.042750217722764,
  "eval_auc": 0.9802075763797252,
  "eval_acc": 89.81007060937434,
  "eval_min_tdcf": 0.19098737582863798,
  "per_attack_eer": {
    "A07": 2.240937047191296,
    "A08": 4.091404101601246,
    "A09": 1.0186077487233163,
    "A10": 2.2986544638482096,
    "A11": 1.181584988519047,
    "A12": 1.035580855431297,
    "A13": 0.5466491360441054,
    "A14": 1.792749637753037,
    "A15": 4.736514964251199,
    "A16": 4.14912151825816,
    "A17": 16.23658538002522,
    "A18": 17.458914678493194,
    "A19": 11.639276452328797
  },
  "generalization_gap": 3.5538173836799807
}