{
  "dev_eer_seen": 0.0,
  "trainable_params": 405921,
  "epochs_ran": 24,
  "subset": false,
  "eval_eer_unseen": 10.22237177992028,
  "eval_auc": 0.952183579637431,
  "eval_acc": 70.59674045790811,
  "eval_min_tdcf": 0.2191237011103616,
  "per_attack_eer": {
    "A07": 0.05771741665691361,
    "A08": 0.09846172660584625,
    "A09": 0.0,
    "A10": 8.647968719348734,
    "A11": 0.8963748188765185,
    "A12": 18.803476906807976,
    "A13": 13.554259019928633,
    "A14": 0.7571687823217395,
    "A15": 21.451857053488595,
    "A16": 0.24446585969359597,
    "A17": 35.756486759206,
    "A18": 0.5534472325770762,
    "A19": 0.4244162061973075
  },
  "generalization_gap": 10.22237177992028
}