{
  "dev_eer_seen": 0.15698235077752223,
  "trainable_params": 591362,
  "epochs_ran": 7,
  "subset": false,
  "eval_eer_unseen": 0.7610822477736665,
  "eval_auc": 0.9997617835535527,
  "eval_acc": 96.2617740780774,
  "eval_min_tdcf": 0.023860505107281313,
  "per_attack_eer": {
    "A07": 0.3666987895403939,
    "A08": 0.05771741665691361,
    "A09": 0.016973106707980943,
    "A10": 1.409077741504662,
    "A11": 0.5534472325770762,
    "A12": 0.17995034650371156,
    "A13": 0.016973106707980943,
    "A14": 0.22069465645264424,
    "A15": 0.6281377559419707,
    "A16": 0.4651605161462402,
    "A17": 0.4244162061973075,
    "A18": 0.8794017121685375,
    "A19": 0.6111646492339898
  },
  "generalization_gap": 0.6040998969961443
}