{
  "dev_eer_seen": 0.15698235077752223,
  "trainable_params": 591362,
  "epochs_ran": 7,
  "subset": false,
  "eval_eer_unseen": 0.8018265577225991,
  "eval_auc": 0.9995544885389575,
  "eval_acc": 96.55656470654294,
  "eval_min_tdcf": 0.025812882823109475,
  "per_attack_eer": {
    "A07": 0.22069465645264424,
    "A08": 0.44818740943825924,
    "A09": 0.040744309948932654,
    "A10": 1.07632516538023,
    "A11": 0.6756801624238742,
    "A12": 0.17995034650371156,
    "A13": 0.040744309948932654,
    "A14": 0.13920603655477892,
    "A15": 0.3429275862994422,
    "A16": 0.32595447959146123,
    "A17": 0.48893171938719193,
    "A18": 2.60763583673169,
    "A19": 0.6111646492339898
  },
  "generalization_gap": 0.6448442069450769
}