{
  "dev_eer_seen": 0.15698235077752223,
  "trainable_params": 591362,
  "epochs_ran": 10,
  "subset": false,
  "eval_eer_unseen": 1.0854713411843568,
  "eval_auc": 0.9989349893522879,
  "eval_acc": 94.0480368347909,
  "eval_min_tdcf": 0.028915575704370613,
  "per_attack_eer": {
    "A07": 0.22749275298561497,
    "A08": 0.5059048260951727,
    "A09": 0.14600413308774968,
    "A10": 0.9948365454823647,
    "A11": 0.34972568283241295,
    "A12": 0.16297723979573062,
    "A13": 0.05771741665691361,
    "A14": 0.14600413308774968,
    "A15": 0.24446585969359597,
    "A16": 0.2614389664015769,
    "A17": 0.7333975790807878,
    "A18": 4.230610138156026,
    "A19": 0.17995034650371156
  },
  "generalization_gap": 0.9284889904068346
}