{
  "dev_eer_seen": 0.2365948035254509,
  "trainable_params": 405921,
  "epochs_ran": 8,
  "subset": false,
  "eval_eer_unseen": 13.826409548315105,
  "eval_auc": 0.9362754537805524,
  "eval_acc": 79.62435251344104,
  "eval_min_tdcf": 0.33331438886085335,
  "per_attack_eer": {
    "A07": 0.17995034650371156,
    "A08": 0.13920603655477892,
    "A09": 0.023771203240951715,
    "A10": 11.37783748592722,
    "A11": 2.869074803133267,
    "A12": 23.098602558153882,
    "A13": 21.97473498629175,
    "A14": 4.434331687900689,
    "A15": 5.208473576930409,
    "A16": 0.7503706857887686,
    "A17": 30.076054569596376,
    "A18": 27.858888725646036,
    "A19": 0.7503706857887686
  },
  "generalization_gap": 13.589814744789654
}