{
  "dev_eer_seen": 0.3072370374000391,
  "trainable_params": 405921,
  "epochs_ran": 17,
  "subset": false,
  "eval_eer_unseen": 9.759559343045197,
  "eval_auc": 0.9647607478021116,
  "eval_acc": 82.05707708073052,
  "eval_min_tdcf": 0.2273271161666,
  "per_attack_eer": {
    "A07": 0.023771203240951715,
    "A08": 0.040744309948932654,
    "A09": 0.0,
    "A10": 7.612387863917435,
    "A11": 0.5704203392850571,
    "A12": 14.12467935921369,
    "A13": 12.837834547555826,
    "A14": 1.303817918365845,
    "A15": 1.3615353350227586,
    "A16": 0.3429275862994422,
    "A17": 25.11204685235956,
    "A18": 20.55548223461208,
    "A19": 0.48893171938719193
  },
  "generalization_gap": 9.452322305645158
}